﻿{
  "$schema": "https://schema.management.azure.com/schemas/2015-01-01/deploymentTemplate.json#",
  "contentVersion": "1.0.0.0",
  "parameters": {
    "namePrefix": {
      "type": "string",
      "minLength": 3,
      "maxLength": 14,
      "metadata": {
        "description": "Naming prefix for each new resource created. 3-char min, 14-char max, lowercase alphanumeric"
      }
    },
    "iteration": { 
      "type": "array", 
      "defaultValue": [ 
          "a", 
          "b", 
          "c" 
       ] 
   },
   "sqlClusterName": {
    "type": "string",
    "metadata": {
      "description": "sql cluster name you want as it may be different to vm name"
    }
  },
    "domainName": {
      "type": "string",
      "metadata": {
        "description": "DNS domain name for existing Active Directory domain"
      }
    },
    "clusterNumber": {
      "type": "string",
      "metadata": {
        "description": "cluster number"
      }
    },
    "adminUsername": {
      "type": "string",
      "metadata": {
        "description": "Name of the Administrator of the existing Active Directory Domain"
      }
    },
    "adminPassword": {
      "type": "securestring",
      "minLength": 12,
      "metadata": {
        "description": "Password for the Administrator account of the existing Active Directory Domain"
      }
    },    
    "svcUsername": {
      "type": "string",
      "metadata": {
        "description": "Name of the Service Account in the existing Active Directory Domain"
      }
    },
    "svcPassword": {
      "type": "securestring",
      "minLength": 12,
      "metadata": {
        "description": "Password for the Service Account in the existing Active Directory Domain"
      }
    },
    "clusterIP": {
      "type": "string",
      "metadata": {
        "description": "IP Address of the cluster"
      }
    },
    "storageAccountType": {
      "type": "string",
      "allowedValues": [
        "Standard_LRS",
        "Standard_GRS",
        "Standard_RAGRS",
        "Premium_LRS"
      ],
      "metadata": {
        "description": "Type of new Storage Accounts (Standard_LRS, Standard_GRS, Standard_RAGRS or Premium_LRS) to be created to store VM disks"
      }
    },
    "nicSubnetUri": {
      "type": "string",
      "metadata": {
        "description": "Resource ID for existing vnet/subnet to which VM NICs should be attached"
      }
    },
    "vmSize": {
      "type": "string",
      "metadata": {
        "description": "Size of the VMs to be created"
      }
    },
    "vmCount": {
      "type": "int",
      "minValue": 2,
      "maxValue": 3,
      "metadata": {
        "description": "Number of VMs to be created in cluster (Min=2, Max=3)"
      }
    },
    "vmDiskSize": {
      "type": "int",
      "minValue": 128,
      "maxValue": 1023,
      "metadata": {
        "description": "Size of each data disk in GB on each VM (Min=128, Max=1023)"
      }
    },
    "vmDiskCount": {
      "type": "int",
      "minValue": 2,
      "maxValue": 32,
      "metadata": {
        "description": "Number of data disks on each VM (Min=2, Max=32). Ensure that the VM size you've selected will support this number of data disks."
      }
    },
    "imagePublisher": {
      "type": "string",
      "defaultValue": "MicrosoftSQLServer"
    },
    "imageOffer": {
      "type": "string",
      "defaultValue": "SQL2017-WS2016"
    },
    "imageSKU": {
      "type": "string",
      "defaultValue": "Standard"
    },
    "imageVersion": {
      "type": "string",
      "defaultValue": "latest"
    },
    "_artifactsLocation": {
      "type": "string"
    },
    "_artifactsLocationSasToken": {
      "type": "string"
    }
  },
  "variables": {
    "apiVersionStorage": "2016-01-01",
    "storageNamePrefix": "[concat(parameters('namePrefix'),uniqueString(resourceGroup().id),'vm')]",
    "witnessStorageName": "[concat('sastdsfci',parameters('clusterNumber'),uniqueString(resourceGroup().id) )]",
    "witnessStorageType": "Standard_LRS",
    "vmNamePrefix": "[concat(parameters('namePrefix'),'')]",
    "vmAvailabilitySetName": "[concat(variables('vmNamePrefix'),'as')]",
    "clusterName": "[concat(parameters('namePrefix'),'')]",
    "sqlClusterName": "[concat(parameters('sqlClusterName'),'')]",
    "vmLoopTemplateURL": "[concat(parameters('_artifactsLocation'),'/nestedtemplates/newVM.json',parameters('_artifactsLocationSasToken'))]",
    "sfciPrepModulesURL": "[concat(parameters('_artifactsLocation'),'/dsc/prep-sfci.ps1.zip',parameters('_artifactsLocationSasToken'))]",
    "sfciPrepFunction": "PrepSFCI.ps1\\PrepSFCI",
    "sfciConfigModulesURL": "[concat(parameters('_artifactsLocation'),'/dsc/config-sfci.ps1.zip',parameters('_artifactsLocationSasToken'))]",
    "sfciConfigFunction": "ConfigSFCI.ps1\\ConfigSFCI",
    "ilbName": "[concat('inlb-',parameters('namePrefix'))]",
    "ilbID": "[resourceId('Microsoft.Network/loadBalancers',variables('ilbName'))]",
    "ilbFE": "[concat(parameters('namePrefix'),'-ilb-fe')]",
    "ilbBE": "[concat(parameters('namePrefix'),'-ilb-be')]",
    "ilbFEConfigID1": "[concat(variables('ilbID'),'/frontendIPConfigurations/',variables('ilbFE'))]",
    "ilbBEAddressPoolID": "[concat(variables('ilbID'),'/backendAddressPools/',variables('ilbBE'))]",
    "ilbProbe1": "[concat(parameters('namePrefix'),'ilbp1')]",
    "ilbProbeID1": "[concat(variables('ilbID'),'/probes/',variables('ilbProbe1'))]"
  },
  "resources": [
    {
      "type": "Microsoft.Compute/availabilitySets",
      "name": "[variables('vmAvailabilitySetName')]",
      "apiVersion": "2016-04-30-preview",
      "location": "[resourceGroup().location]",
      "properties": {
                "platformFaultDomainCount": 2,
                "platformUpdateDomainCount": 2,
                "managed": "true"
            }
    },
    {
      "type": "Microsoft.Storage/storageAccounts",
      "name": "[variables('witnessStorageName')]",
      "apiVersion": "2016-01-01",
      "location": "[resourceGroup().location]",
      "sku": {
        "name": "[variables('witnessStorageType')]"
      },
      "kind": "Storage"
    },
    {
      "apiVersion": "2015-06-15",
      "name": "[variables('ilbName')]",
      "type": "Microsoft.Network/loadBalancers",
      "location": "[resourceGroup().location]",
      "dependsOn": [],
      "properties": {
        "frontendIPConfigurations": [
          {
            "name": "[variables('ilbFE')]",
            "properties": {
              "privateIPAllocationMethod": "Static",
              "privateIPAddress": "[parameters('clusterIP')]",
              "subnet": {
                "id": "[parameters('nicSubnetUri')]"
              }
            }
          }
        ],
        "backendAddressPools": [
          {
            "name": "[variables('ilbBE')]"
          }
        ],
        "loadBalancingRules": [
          {
            "name": "sql-1433",
            "properties": {
              "frontendIPConfiguration": {
                "id": "[variables('ilbFEConfigID1')]"
              },
              "backendAddressPool": {
                "id": "[variables('ilbBEAddressPoolID')]"
              },
              "probe": {
                "id": "[variables('ilbProbeID1')]"
              },
              "protocol": "Tcp",
              "frontendPort": 1433,
              "backendPort": 1433,
              "enableFloatingIP": true
            }
          },
          {
            "name": "rdp-3389",
            "properties": {
              "frontendIPConfiguration": {
                "id": "[variables('ilbFEConfigID1')]"
              },
              "backendAddressPool": {
                "id": "[variables('ilbBEAddressPoolID')]"
              },
              "probe": {
                "id": "[variables('ilbProbeID1')]"
              },
              "protocol": "Tcp",
              "frontendPort": 3389,
              "backendPort": 3389,
              "enableFloatingIP": true
            }
          },
          {
            "name": "sql-445",
            "properties": {
              "frontendIPConfiguration": {
                "id": "[variables('ilbFEConfigID1')]"
              },
              "backendAddressPool": {
                "id": "[variables('ilbBEAddressPoolID')]"
              },
              "probe": {
                "id": "[variables('ilbProbeID1')]"
              },
              "protocol": "Tcp",
              "frontendPort": 445,
              "backendPort": 445,
              "enableFloatingIP": true
            }
          }
        ],
        "probes": [
          {
            "name": "[variables('ilbProbe1')]",
            "properties": {
              "protocol": "Tcp",
              "port": 3389,
              "intervalInSeconds": 5,
              "numberOfProbes": 2
            }
          }
        ]
      }
    },
    {
      "name": "[concat(variables('vmNamePrefix'), parameters('iteration')[copyIndex()], '-nic')]",
      "type": "Microsoft.Network/networkInterfaces",
      "location": "[resourceGroup().location]",
      "apiVersion": "2016-09-01",
      "copy": {
        "name": "nicLoop",
        "count": "[parameters('vmCount')]"
      },
      "dependsOn": [
        "[variables('ilbID')]"
      ],
      "properties": {
        "ipConfigurations": [
          {
            "name": "ipconfig1",
            "properties": {
              "privateIPAllocationMethod": "Dynamic",
              "subnet": {
                "id": "[parameters('nicSubnetUri')]"
              },
              "loadBalancerBackendAddressPools": [
                {
                  "id": "[variables('ilbBEAddressPoolID')]"
                }
              ]
            }
          }
        ],
        "enableAcceleratedNetworking": true 
      }
    },
    {
      "name": "[concat(variables('vmNamePrefix'), parameters('iteration')[copyIndex()], '-nic02')]",
      "type": "Microsoft.Network/networkInterfaces",
      "location": "[resourceGroup().location]",
      "apiVersion": "2016-09-01",
      "copy": {
        "name": "nicLoop",
        "count": "[parameters('vmCount')]"
      },
      "dependsOn": [
        "[variables('ilbID')]"
      ],
      "properties": {
        "ipConfigurations": [
          {
            "name": "ipconfig1",
            "properties": {
              "privateIPAllocationMethod": "Dynamic",
              "subnet": {
                "id": "[parameters('nicSubnetUri')]"
              }
            }
          }
        ],
        "enableAcceleratedNetworking": true 
      }
    },
    {
      "type": "Microsoft.Resources/deployments",
      "apiVersion": "2015-01-01",
      "copy": {
        "name": "virtualMachineLoop",
        "count": "[parameters('vmCount')]"
      },
      "name": "[concat(variables('vmNamePrefix'),parameters('iteration')[copyIndex()],'-newVM')]",
      "dependsOn": [
        "nicLoop",
        "[resourceId('Microsoft.Compute/availabilitySets', variables('vmAvailabilitySetName'))]"
      ],
      "properties": {
        "mode": "Incremental",
        "templateLink": {
          "uri": "[variables('vmLoopTemplateURL')]"
        },
        "parameters": {
          "vmName": {
            "value": "[concat(variables('vmNamePrefix'), parameters('iteration')[copyIndex()])]"
          },
          "vmAvailabilitySetName": {
            "value": "[variables('vmAvailabilitySetName')]"
          },
          "vmSize": {
            "value": "[parameters('vmSize')]"
          },
          "vmDiskCount": {
            "value": "[parameters('vmDiskCount')]"
          },
          "vmDiskSize": {
            "value": "[parameters('vmDiskSize')]"
          },
          "adminUsername": {
            "value": "[parameters('adminUsername')]"
          },
          "adminPassword": {
            "value": "[parameters('adminPassword')]"
          },
          "_artifactsLocation": {
            "value": "[parameters('_artifactsLocation')]"
          },
          "_artifactsLocationSasToken": {
            "value": "[parameters('_artifactsLocationSasToken')]"
          },
          "imagePublisher": {
            "value": "[parameters('imagePublisher')]"
          },
          "imageOffer": {
            "value": "[parameters('imageOffer')]"
          },
          "imageSKU": {
            "value": "[parameters('imageSKU')]"
          },
          "imageVersion": {
            "value": "[parameters('imageVersion')]"
          }
        }
      }
    },
    {
      "type": "Microsoft.Compute/virtualMachines/extensions",
      "name": "[concat(variables('vmNamePrefix'),parameters('iteration')[copyIndex(1)],'/sfciPrep')]",
      "apiVersion": "2015-06-15",
      "location": "[resourceGroup().location]",
      "dependsOn": [
        "virtualMachineLoop"
      ],
      "copy": {
        "name": "virtualMachineExtensionLoop",
        "count": "[sub(parameters('vmCount'),1)]"
      },
      "properties": {
        "publisher": "Microsoft.Powershell",
        "type": "DSC",
        "typeHandlerVersion": "2.20",
        "autoUpgradeMinorVersion": true,
        "settings": {
          "modulesUrl": "[variables('sfciPrepModulesURL')]",
          "configurationFunction": "[variables('sfciPrepFunction')]",
          "properties": {
            "domainName": "[parameters('domainName')]",
            "adminCreds": {
                "userName": "[parameters('adminUserName')]",
                "password": "PrivateSettingsRef:adminPassword"
              },
              "svcCreds": {
                "userName": "[parameters('svcUserName')]",
                "password": "PrivateSettingsRef:svcPassword"
              }
          }
        },
        "protectedSettings": {
          "items": {
            "adminPassword": "[parameters('adminPassword')]",
            "svcPassword": "[parameters('svcPassword')]"
          }
        }
      }
    },
    {
      "type": "Microsoft.Compute/virtualMachines/extensions",
      "name": "[concat(variables('vmNamePrefix'),'a/sfciConfig')]",
      "apiVersion": "2015-06-15",
      "location": "[resourceGroup().location]",
      "dependsOn": [
        "virtualMachineLoop",
        "virtualMachineExtensionLoop",
        "[resourceId('Microsoft.Storage/storageAccounts', variables('witnessStorageName'))]"
      ],
      "properties": {
        "publisher": "Microsoft.Powershell",
        "type": "DSC",
        "typeHandlerVersion": "2.20",
        "autoUpgradeMinorVersion": true,
        "settings": {
          "modulesUrl": "[variables('sfciConfigModulesURL')]",
          "configurationFunction": "[variables('sfciConfigFunction')]",
          "properties": {
            "domainName": "[parameters('domainName')]",
            "clusterName": "[variables('clusterName')]",
            "sqlClusterName": "[variables('sqlClusterName')]",
            "clusterIP": "[parameters('clusterIP')]",
            "vmNamePrefix": "[variables('vmNamePrefix')]",
            "vmCount": "[parameters('vmCount')]",
            "vmDiskSize": "[parameters('vmDiskSize')]",
            "witnessStorageName": "[variables('witnessStorageName')]",
            "witnessStorageKey": {
              "userName": "PLACEHOLDER-DO-NOT-USE",
              "password": "PrivateSettingsRef:witnessStorageKey"
            },
            "adminCreds": {
              "userName": "[parameters('adminUserName')]",
              "password": "PrivateSettingsRef:adminPassword"
            },
            "svcCreds": {
              "userName": "[parameters('svcUserName')]",
              "password": "PrivateSettingsRef:svcPassword"
            }
          }
        },
        "protectedSettings": {
          "items": {
            "adminPassword": "[parameters('adminPassword')]",
            "svcPassword": "[parameters('svcPassword')]",
            "witnessStorageKey": "[listKeys(resourceId('Microsoft.Storage/storageAccounts',variables('witnessStorageName')),variables('apiVersionStorage')).keys[0].value]"
          }
        }
      }
    }
  ]
}