{
    "$schema": "https://schema.management.azure.com/schemas/2015-01-01/deploymentTemplate.json#",
    "contentVersion": "1.0.0.0",
    "parameters": {
        "vmDiskCount": {
            "type": "int",
            "minValue": 2,
            "maxValue": 32
        },
        "vmDiskSize": {
            "type": "int",
            "minValue": 128,
            "maxValue": 1023
        },
        "diskCaching": {
            "type": "string",
            "allowedValues": [
                "None",
                "ReadOnly",
                "ReadWrite"
            ],
            "defaultValue": "None"
        },
        "diskNamingPrefix": {
            "type": "string"
        }
    },
    "variables": {
        "diskArray": [
            {
                "name": "[concat(parameters('diskNamingPrefix'), 'disk0')]",
                "diskSizeGB": "[parameters('vmDiskSize')]",
                "lun": 0,
                "caching": "[parameters('diskCaching')]",
                "createOption": "Empty"
            },
            {
                "name": "[concat(parameters('diskNamingPrefix'), 'disk1')]",
                "diskSizeGB": "[parameters('vmDiskSize')]",
                "lun": 1,
                "caching": "[parameters('diskCaching')]",
                "createOption": "Empty"
            },
            {
                "name": "[concat(parameters('diskNamingPrefix'), 'disk2')]",
                "diskSizeGB": "[parameters('vmDiskSize')]",
                "lun": 2,
                "caching": "[parameters('diskCaching')]",
                "createOption": "Empty"
            },
            {
                "name": "[concat(parameters('diskNamingPrefix'), 'disk3')]",
                "diskSizeGB": "[parameters('vmDiskSize')]",
                "lun": 3,
                "caching": "[parameters('diskCaching')]",
                "createOption": "Empty"
            },
            {
                "name": "[concat(parameters('diskNamingPrefix'), 'disk4')]",
                "diskSizeGB": "[parameters('vmDiskSize')]",
                "lun": 4,
                "caching": "[parameters('diskCaching')]",
                "createOption": "Empty"
            },
            {
                "name": "[concat(parameters('diskNamingPrefix'), 'disk5')]",
                "diskSizeGB": "[parameters('vmDiskSize')]",
                "lun": 5,
                "caching": "[parameters('diskCaching')]",
                "createOption": "Empty"
            },
            {
                "name": "[concat(parameters('diskNamingPrefix'), 'disk6')]",
                "diskSizeGB": "[parameters('vmDiskSize')]",
                "lun": 6,
                "caching": "[parameters('diskCaching')]",
                "createOption": "Empty"
            },
            {
                "name": "[concat(parameters('diskNamingPrefix'), 'disk7')]",
                "diskSizeGB": "[parameters('vmDiskSize')]",
                "lun": 7,
                "caching": "[parameters('diskCaching')]",
                "createOption": "Empty"
            },
            {
                "name": "[concat(parameters('diskNamingPrefix'), 'disk8')]",
                "diskSizeGB": "[parameters('vmDiskSize')]",
                "lun": 8,
                "caching": "[parameters('diskCaching')]",
                "createOption": "Empty"
            },
            {
                "name": "[concat(parameters('diskNamingPrefix'), 'disk9')]",
                "diskSizeGB": "[parameters('vmDiskSize')]",
                "lun": 9,
                "caching": "[parameters('diskCaching')]",
                "createOption": "Empty"
            },
            {
                "name": "[concat(parameters('diskNamingPrefix'), 'disk10')]",
                "diskSizeGB": "[parameters('vmDiskSize')]",
                "lun": 10,
                "caching": "[parameters('diskCaching')]",
                "createOption": "Empty"
            },
            {
                "name": "[concat(parameters('diskNamingPrefix'), 'disk11')]",
                "diskSizeGB": "[parameters('vmDiskSize')]",
                "lun": 11,
                "caching": "[parameters('diskCaching')]",
                "createOption": "Empty"
            },
            {
                "name": "[concat(parameters('diskNamingPrefix'), 'disk12')]",
                "diskSizeGB": "[parameters('vmDiskSize')]",
                "lun": 12,
                "caching": "[parameters('diskCaching')]",
                "createOption": "Empty"
            },
            {
                "name": "[concat(parameters('diskNamingPrefix'), 'disk13')]",
                "diskSizeGB": "[parameters('vmDiskSize')]",
                "lun": 13,
                "caching": "[parameters('diskCaching')]",
                "createOption": "Empty"
            },
            {
                "name": "[concat(parameters('diskNamingPrefix'), 'disk14')]",
                "diskSizeGB": "[parameters('vmDiskSize')]",
                "lun": 14,
                "caching": "[parameters('diskCaching')]",
                "createOption": "Empty"
            },
            {
                "name": "[concat(parameters('diskNamingPrefix'), 'disk15')]",
                "diskSizeGB": "[parameters('vmDiskSize')]",
                "lun": 15,
                "caching": "[parameters('diskCaching')]",
                "createOption": "Empty"
            },
            {
                "name": "[concat(parameters('diskNamingPrefix'), 'disk16')]",
                "diskSizeGB": "[parameters('vmDiskSize')]",
                "lun": 16,
                "caching": "[parameters('diskCaching')]",
                "createOption": "Empty"
            },
            {
                "name": "[concat(parameters('diskNamingPrefix'), 'disk17')]",
                "diskSizeGB": "[parameters('vmDiskSize')]",
                "lun": 17,
                "caching": "[parameters('diskCaching')]",
                "createOption": "Empty"
            },
            {
                "name": "[concat(parameters('diskNamingPrefix'), 'disk18')]",
                "diskSizeGB": "[parameters('vmDiskSize')]",
                "lun": 18,
                "caching": "[parameters('diskCaching')]",
                "createOption": "Empty"
            },
            {
                "name": "[concat(parameters('diskNamingPrefix'), 'disk19')]",
                "diskSizeGB": "[parameters('vmDiskSize')]",
                "lun": 19,
                "caching": "[parameters('diskCaching')]",
                "createOption": "Empty"
            },
            {
                "name": "[concat(parameters('diskNamingPrefix'), 'disk20')]",
                "diskSizeGB": "[parameters('vmDiskSize')]",
                "lun": 20,
                "caching": "[parameters('diskCaching')]",
                "createOption": "Empty"
            },
            {
                "name": "[concat(parameters('diskNamingPrefix'), 'disk21')]",
                "diskSizeGB": "[parameters('vmDiskSize')]",
                "lun": 21,
                "caching": "[parameters('diskCaching')]",
                "createOption": "Empty"
            },
            {
                "name": "[concat(parameters('diskNamingPrefix'), 'disk22')]",
                "diskSizeGB": "[parameters('vmDiskSize')]",
                "lun": 22,
                "caching": "[parameters('diskCaching')]",
                "createOption": "Empty"
            },
            {
                "name": "[concat(parameters('diskNamingPrefix'), 'disk23')]",
                "diskSizeGB": "[parameters('vmDiskSize')]",
                "lun": 23,
                "caching": "[parameters('diskCaching')]",
                "createOption": "Empty"
            },
            {
                "name": "[concat(parameters('diskNamingPrefix'), 'disk24')]",
                "diskSizeGB": "[parameters('vmDiskSize')]",
                "lun": 24,
                "caching": "[parameters('diskCaching')]",
                "createOption": "Empty"
            },
            {
                "name": "[concat(parameters('diskNamingPrefix'), 'disk25')]",
                "diskSizeGB": "[parameters('vmDiskSize')]",
                "lun": 25,
                "caching": "[parameters('diskCaching')]",
                "createOption": "Empty"
            },
            {
                "name": "[concat(parameters('diskNamingPrefix'), 'disk26')]",
                "diskSizeGB": "[parameters('vmDiskSize')]",
                "lun": 26,
                "caching": "[parameters('diskCaching')]",
                "createOption": "Empty"
            },
            {
                "name": "[concat(parameters('diskNamingPrefix'), 'disk27')]",
                "diskSizeGB": "[parameters('vmDiskSize')]",
                "lun": 27,
                "caching": "[parameters('diskCaching')]",
                "createOption": "Empty"
            },
            {
                "name": "[concat(parameters('diskNamingPrefix'), 'disk28')]",
                "diskSizeGB": "[parameters('vmDiskSize')]",
                "lun": 28,
                "caching": "[parameters('diskCaching')]",
                "createOption": "Empty"
            },
            {
                "name": "[concat(parameters('diskNamingPrefix'), 'disk29')]",
                "diskSizeGB": "[parameters('vmDiskSize')]",
                "lun": 29,
                "caching": "[parameters('diskCaching')]",
                "createOption": "Empty"
            },
            {
                "name": "[concat(parameters('diskNamingPrefix'), 'disk30')]",
                "diskSizeGB": "[parameters('vmDiskSize')]",
                "lun": 30,
                "caching": "[parameters('diskCaching')]",
                "createOption": "Empty"
            },
            {
                "name": "[concat(parameters('diskNamingPrefix'), 'disk31')]",
                "diskSizeGB": "[parameters('vmDiskSize')]",
                "lun": 31,
                "caching": "[parameters('diskCaching')]",
                "createOption": "Empty"
            }
        ]
    },
    "resources": [],
    "outputs": {
        "dataDiskArray": {
            "type": "array",
            "value": "[take(variables('diskArray'),parameters('vmDiskCount'))]"
        }
    }
}